PCA Components,Kernel,Accuracy,Best C,Best Gamma,Best Degree
50,linear,0.827,0.1,,
50,rbf,0.8536666666666667,10.0,0.001,
50,poly,0.8406666666666667,100.0,0.001,3.0
100,linear,0.8351666666666666,0.1,,
100,rbf,0.8573333333333333,10.0,0.001,
100,poly,0.8455,10.0,0.001,2.0
200,linear,0.8336666666666667,0.1,,
200,rbf,0.8628333333333333,10.0,0.001,
200,poly,0.8523333333333334,0.1,0.01,2.0
