PCA Components,Kernel,Accuracy,Best C,Best Gamma,Best Degree
50,linear,0.909,0.1,,
50,rbf,0.9403333333333334,10.0,0.001,
50,poly,0.9405,1.0,0.01,3.0
100,linear,0.9101666666666667,0.1,,
100,rbf,0.9433333333333334,10.0,0.001,
100,poly,0.9433333333333334,1.0,0.01,3.0
200,linear,0.9088333333333334,0.1,,
200,rbf,0.9425,10.0,0.001,
200,poly,0.9456666666666667,1.0,0.01,3.0
