PCA Components,Kernel,Accuracy,Best C,Best Gamma,Best Degree
50,linear,0.9111666666666667,0.1,,
50,rbf,0.9413333333333334,10.0,0.001,
50,poly,0.9395,100.0,0.1,3.0
100,linear,0.9118333333333334,0.1,,
100,rbf,0.9433333333333334,10.0,0.001,
100,poly,0.9426666666666667,10.0,0.1,3.0
200,linear,0.9085,0.1,,
200,rbf,0.9425,10.0,0.001,
200,poly,0.9468333333333333,10.0,0.1,3.0
